3.14,-1,2.71
Hello world,Hi,five
WARNING: Telnet access! Use ssh instead,INFO: User wil is connected
3.14,-1,2.71
Hello world,Hi,five
WARNING: Telnet access! Use ssh instead,INFO: User wil is connected
3.14,-1,2.71
Hello world,Hi,five
WARNING: Telnet access! Use ssh instead,INFO: User wil is connected
3.14,-1,2.71
Hello world,Hi,five
WARNING: Telnet access! Use ssh instead,INFO: User wil is connected
3.14,-1,2.71
Hello world,Hi,five
WARNING: Telnet access! Use ssh instead,INFO: User wil is connected
3.14,-1,2.71
Hello world,Hi,five
WARNING: Telnet access! Use ssh instead,INFO: User wil is connected
